timestamp,example,run_id,profile,seed,shape,n_neighbors,max_radius,scan_fraction,threshold,cond_weight,conditioning_counts,conditioning_total,runtime_seconds,facies_counts,image_3d,image_slices,image_combined
2026-07-02T18:04:46,fluvsim,fluvsim_c01_s11,light_channel,11,48x48x32,48,14,0.00075,0.0,1.5,"{""0"": 40, ""1"": 110, ""2"": 30, ""3"": 20, ""4"": 4}",204,37.963,"{""0"": 41803, ""1"": 28298, ""2"": 3098, ""3"": 483, ""4"": 46}",examples/13_mps/output/tuning_3d_dsbc/fluvsim/fluvsim_c01_s11_3d.png,examples/13_mps/output/tuning_3d_dsbc/fluvsim/fluvsim_c01_s11_slices.png,examples/13_mps/output/tuning_3d_dsbc/fluvsim/fluvsim_c01_s11_combined.png
2026-07-02T18:05:44,fluvsim,fluvsim_c01_s18,light_channel,18,48x48x32,48,14,0.00075,0.0,1.5,"{""0"": 40, ""1"": 110, ""2"": 30, ""3"": 20, ""4"": 4}",204,37.619,"{""0"": 37913, ""1"": 32238, ""2"": 2946, ""3"": 577, ""4"": 54}",examples/13_mps/output/tuning_3d_dsbc/fluvsim/fluvsim_c01_s18_3d.png,examples/13_mps/output/tuning_3d_dsbc/fluvsim/fluvsim_c01_s18_slices.png,examples/13_mps/output/tuning_3d_dsbc/fluvsim/fluvsim_c01_s18_combined.png
2026-07-02T18:06:41,fluvsim,fluvsim_c01_s25,light_channel,25,48x48x32,48,14,0.00075,0.0,1.5,"{""0"": 40, ""1"": 110, ""2"": 30, ""3"": 20, ""4"": 4}",204,37.737,"{""0"": 40777, ""1"": 29475, ""2"": 2903, ""3"": 509, ""4"": 64}",examples/13_mps/output/tuning_3d_dsbc/fluvsim/fluvsim_c01_s25_3d.png,examples/13_mps/output/tuning_3d_dsbc/fluvsim/fluvsim_c01_s25_slices.png,examples/13_mps/output/tuning_3d_dsbc/fluvsim/fluvsim_c01_s25_combined.png
2026-07-02T18:07:42,fluvsim,fluvsim_c02_s11,light_balanced,11,48x48x32,64,14,0.001,0.0,1.5,"{""0"": 45, ""1"": 120, ""2"": 35, ""3"": 25, ""4"": 5}",230,42.608,"{""0"": 41089, ""1"": 29293, ""2"": 2881, ""3"": 399, ""4"": 66}",examples/13_mps/output/tuning_3d_dsbc/fluvsim/fluvsim_c02_s11_3d.png,examples/13_mps/output/tuning_3d_dsbc/fluvsim/fluvsim_c02_s11_slices.png,examples/13_mps/output/tuning_3d_dsbc/fluvsim/fluvsim_c02_s11_combined.png
2026-07-02T18:08:44,fluvsim,fluvsim_c02_s18,light_balanced,18,48x48x32,64,14,0.001,0.0,1.5,"{""0"": 45, ""1"": 120, ""2"": 35, ""3"": 25, ""4"": 5}",230,42.412,"{""0"": 40803, ""1"": 29339, ""2"": 3100, ""3"": 445, ""4"": 41}",examples/13_mps/output/tuning_3d_dsbc/fluvsim/fluvsim_c02_s18_3d.png,examples/13_mps/output/tuning_3d_dsbc/fluvsim/fluvsim_c02_s18_slices.png,examples/13_mps/output/tuning_3d_dsbc/fluvsim/fluvsim_c02_s18_combined.png
2026-07-02T18:08:48,fluvsim,fluvsim_c02_s25,light_balanced,25,48x48x32,64,14,0.001,0.0,1.5,"{""0"": 45, ""1"": 120, ""2"": 35, ""3"": 25, ""4"": 5}",230,42.197,"{""0"": 40748, ""1"": 29937, ""2"": 2600, ""3"": 408, ""4"": 35}",examples/13_mps/output/tuning_3d_dsbc/fluvsim/fluvsim_c02_s25_3d.png,examples/13_mps/output/tuning_3d_dsbc/fluvsim/fluvsim_c02_s25_slices.png,examples/13_mps/output/tuning_3d_dsbc/fluvsim/fluvsim_c02_s25_combined.png
2026-07-02T18:09:51,fluvsim,fluvsim_c03_s11,channel_margin,11,48x48x32,80,18,0.001,0.0,2.0,"{""0"": 50, ""1"": 150, ""2"": 50, ""3"": 30, ""4"": 6}",286,47.933,"{""0"": 36512, ""1"": 33571, ""2"": 3070, ""3"": 517, ""4"": 58}",examples/13_mps/output/tuning_3d_dsbc/fluvsim/fluvsim_c03_s11_3d.png,examples/13_mps/output/tuning_3d_dsbc/fluvsim/fluvsim_c03_s11_slices.png,examples/13_mps/output/tuning_3d_dsbc/fluvsim/fluvsim_c03_s11_combined.png
2026-07-02T18:09:55,fluvsim,fluvsim_c03_s18,channel_margin,18,48x48x32,80,18,0.001,0.0,2.0,"{""0"": 50, ""1"": 150, ""2"": 50, ""3"": 30, ""4"": 6}",286,47.476,"{""0"": 42200, ""1"": 28023, ""2"": 2983, ""3"": 475, ""4"": 47}",examples/13_mps/output/tuning_3d_dsbc/fluvsim/fluvsim_c03_s18_3d.png,examples/13_mps/output/tuning_3d_dsbc/fluvsim/fluvsim_c03_s18_slices.png,examples/13_mps/output/tuning_3d_dsbc/fluvsim/fluvsim_c03_s18_combined.png
2026-07-02T18:10:56,fluvsim,fluvsim_c03_s25,channel_margin,25,48x48x32,80,18,0.001,0.0,2.0,"{""0"": 50, ""1"": 150, ""2"": 50, ""3"": 30, ""4"": 6}",286,46.406,"{""0"": 41872, ""1"": 28497, ""2"": 2864, ""3"": 437, ""4"": 58}",examples/13_mps/output/tuning_3d_dsbc/fluvsim/fluvsim_c03_s25_3d.png,examples/13_mps/output/tuning_3d_dsbc/fluvsim/fluvsim_c03_s25_slices.png,examples/13_mps/output/tuning_3d_dsbc/fluvsim/fluvsim_c03_s25_combined.png
2026-07-02T18:11:03,fluvsim,fluvsim_c04_s11,channel_strong,11,48x48x32,96,18,0.001,0.0,2.0,"{""0"": 50, ""1"": 170, ""2"": 55, ""3"": 35, ""4"": 8}",318,51.04,"{""0"": 39255, ""1"": 31059, ""2"": 2884, ""3"": 472, ""4"": 58}",examples/13_mps/output/tuning_3d_dsbc/fluvsim/fluvsim_c04_s11_3d.png,examples/13_mps/output/tuning_3d_dsbc/fluvsim/fluvsim_c04_s11_slices.png,examples/13_mps/output/tuning_3d_dsbc/fluvsim/fluvsim_c04_s11_combined.png
2026-07-02T18:12:06,fluvsim,fluvsim_c04_s18,channel_strong,18,48x48x32,96,18,0.001,0.0,2.0,"{""0"": 50, ""1"": 170, ""2"": 55, ""3"": 35, ""4"": 8}",318,51.836,"{""0"": 42310, ""1"": 28118, ""2"": 2753, ""3"": 496, ""4"": 51}",examples/13_mps/output/tuning_3d_dsbc/fluvsim/fluvsim_c04_s18_3d.png,examples/13_mps/output/tuning_3d_dsbc/fluvsim/fluvsim_c04_s18_slices.png,examples/13_mps/output/tuning_3d_dsbc/fluvsim/fluvsim_c04_s18_combined.png
2026-07-02T18:12:15,fluvsim,fluvsim_c04_s25,channel_strong,25,48x48x32,96,18,0.001,0.0,2.0,"{""0"": 50, ""1"": 170, ""2"": 55, ""3"": 35, ""4"": 8}",318,52.272,"{""0"": 32917, ""1"": 36829, ""2"": 3349, ""3"": 561, ""4"": 72}",examples/13_mps/output/tuning_3d_dsbc/fluvsim/fluvsim_c04_s25_3d.png,examples/13_mps/output/tuning_3d_dsbc/fluvsim/fluvsim_c04_s25_slices.png,examples/13_mps/output/tuning_3d_dsbc/fluvsim/fluvsim_c04_s25_combined.png
2026-07-02T18:13:15,fluvsim,fluvsim_c05_s11,moderate_channel,11,48x48x32,64,22,0.0015,0.0,2.5,"{""0"": 60, ""1"": 180, ""2"": 60, ""3"": 40, ""4"": 8}",348,48.781,"{""0"": 34301, ""1"": 36221, ""2"": 2911, ""3"": 261, ""4"": 34}",examples/13_mps/output/tuning_3d_dsbc/fluvsim/fluvsim_c05_s11_3d.png,examples/13_mps/output/tuning_3d_dsbc/fluvsim/fluvsim_c05_s11_slices.png,examples/13_mps/output/tuning_3d_dsbc/fluvsim/fluvsim_c05_s11_combined.png
2026-07-02T18:13:24,fluvsim,fluvsim_c05_s18,moderate_channel,18,48x48x32,64,22,0.0015,0.0,2.5,"{""0"": 60, ""1"": 180, ""2"": 60, ""3"": 40, ""4"": 8}",348,49.075,"{""0"": 37022, ""1"": 33550, ""2"": 2814, ""3"": 298, ""4"": 44}",examples/13_mps/output/tuning_3d_dsbc/fluvsim/fluvsim_c05_s18_3d.png,examples/13_mps/output/tuning_3d_dsbc/fluvsim/fluvsim_c05_s18_slices.png,examples/13_mps/output/tuning_3d_dsbc/fluvsim/fluvsim_c05_s18_combined.png
2026-07-02T18:14:24,fluvsim,fluvsim_c05_s25,moderate_channel,25,48x48x32,64,22,0.0015,0.0,2.5,"{""0"": 60, ""1"": 180, ""2"": 60, ""3"": 40, ""4"": 8}",348,49.437,"{""0"": 34951, ""1"": 35176, ""2"": 3191, ""3"": 364, ""4"": 46}",examples/13_mps/output/tuning_3d_dsbc/fluvsim/fluvsim_c05_s25_3d.png,examples/13_mps/output/tuning_3d_dsbc/fluvsim/fluvsim_c05_s25_slices.png,examples/13_mps/output/tuning_3d_dsbc/fluvsim/fluvsim_c05_s25_combined.png
2026-07-02T18:14:40,fluvsim,fluvsim_c06_s11,moderate_balanced,11,48x48x32,80,22,0.0015,0.0,2.5,"{""0"": 70, ""1"": 190, ""2"": 70, ""3"": 50, ""4"": 10}",390,55.908,"{""0"": 34061, ""1"": 36297, ""2"": 2986, ""3"": 344, ""4"": 40}",examples/13_mps/output/tuning_3d_dsbc/fluvsim/fluvsim_c06_s11_3d.png,examples/13_mps/output/tuning_3d_dsbc/fluvsim/fluvsim_c06_s11_slices.png,examples/13_mps/output/tuning_3d_dsbc/fluvsim/fluvsim_c06_s11_combined.png
2026-07-02T18:15:37,fluvsim,fluvsim_c06_s18,moderate_balanced,18,48x48x32,80,22,0.0015,0.0,2.5,"{""0"": 70, ""1"": 190, ""2"": 70, ""3"": 50, ""4"": 10}",390,54.181,"{""0"": 39691, ""1"": 30904, ""2"": 2751, ""3"": 348, ""4"": 34}",examples/13_mps/output/tuning_3d_dsbc/fluvsim/fluvsim_c06_s18_3d.png,examples/13_mps/output/tuning_3d_dsbc/fluvsim/fluvsim_c06_s18_slices.png,examples/13_mps/output/tuning_3d_dsbc/fluvsim/fluvsim_c06_s18_combined.png
2026-07-02T18:15:54,fluvsim,fluvsim_c06_s25,moderate_balanced,25,48x48x32,80,22,0.0015,0.0,2.5,"{""0"": 70, ""1"": 190, ""2"": 70, ""3"": 50, ""4"": 10}",390,54.355,"{""0"": 34280, ""1"": 36004, ""2"": 3082, ""3"": 325, ""4"": 37}",examples/13_mps/output/tuning_3d_dsbc/fluvsim/fluvsim_c06_s25_3d.png,examples/13_mps/output/tuning_3d_dsbc/fluvsim/fluvsim_c06_s25_slices.png,examples/13_mps/output/tuning_3d_dsbc/fluvsim/fluvsim_c06_s25_combined.png
2026-07-02T18:16:54,fluvsim,fluvsim_c07_s11,detailed_channel,11,48x48x32,96,22,0.0015,0.0,3.0,"{""0"": 70, ""1"": 210, ""2"": 75, ""3"": 55, ""4"": 10}",420,57.081,"{""0"": 35047, ""1"": 35234, ""2"": 2972, ""3"": 425, ""4"": 50}",examples/13_mps/output/tuning_3d_dsbc/fluvsim/fluvsim_c07_s11_3d.png,examples/13_mps/output/tuning_3d_dsbc/fluvsim/fluvsim_c07_s11_slices.png,examples/13_mps/output/tuning_3d_dsbc/fluvsim/fluvsim_c07_s11_combined.png
2026-07-02T18:17:09,fluvsim,fluvsim_c07_s18,detailed_channel,18,48x48x32,96,22,0.0015,0.0,3.0,"{""0"": 70, ""1"": 210, ""2"": 75, ""3"": 55, ""4"": 10}",420,57.154,"{""0"": 40478, ""1"": 29788, ""2"": 3057, ""3"": 355, ""4"": 50}",examples/13_mps/output/tuning_3d_dsbc/fluvsim/fluvsim_c07_s18_3d.png,examples/13_mps/output/tuning_3d_dsbc/fluvsim/fluvsim_c07_s18_slices.png,examples/13_mps/output/tuning_3d_dsbc/fluvsim/fluvsim_c07_s18_combined.png
2026-07-02T18:18:11,fluvsim,fluvsim_c07_s25,detailed_channel,25,48x48x32,96,22,0.0015,0.0,3.0,"{""0"": 70, ""1"": 210, ""2"": 75, ""3"": 55, ""4"": 10}",420,56.937,"{""0"": 37093, ""1"": 33171, ""2"": 3023, ""3"": 389, ""4"": 52}",examples/13_mps/output/tuning_3d_dsbc/fluvsim/fluvsim_c07_s25_3d.png,examples/13_mps/output/tuning_3d_dsbc/fluvsim/fluvsim_c07_s25_slices.png,examples/13_mps/output/tuning_3d_dsbc/fluvsim/fluvsim_c07_s25_combined.png
2026-07-02T18:18:33,fluvsim,fluvsim_c08_s11,detailed_margin,11,48x48x32,80,26,0.002,0.0,3.0,"{""0"": 80, ""1"": 220, ""2"": 90, ""3"": 60, ""4"": 12}",462,64.502,"{""0"": 29549, ""1"": 40835, ""2"": 3021, ""3"": 280, ""4"": 43}",examples/13_mps/output/tuning_3d_dsbc/fluvsim/fluvsim_c08_s11_3d.png,examples/13_mps/output/tuning_3d_dsbc/fluvsim/fluvsim_c08_s11_slices.png,examples/13_mps/output/tuning_3d_dsbc/fluvsim/fluvsim_c08_s11_combined.png
2026-07-02T18:19:38,fluvsim,fluvsim_c08_s18,detailed_margin,18,48x48x32,80,26,0.002,0.0,3.0,"{""0"": 80, ""1"": 220, ""2"": 90, ""3"": 60, ""4"": 12}",462,67.086,"{""0"": 36450, ""1"": 34017, ""2"": 2954, ""3"": 257, ""4"": 50}",examples/13_mps/output/tuning_3d_dsbc/fluvsim/fluvsim_c08_s18_3d.png,examples/13_mps/output/tuning_3d_dsbc/fluvsim/fluvsim_c08_s18_slices.png,examples/13_mps/output/tuning_3d_dsbc/fluvsim/fluvsim_c08_s18_combined.png
2026-07-02T18:19:58,fluvsim,fluvsim_c08_s25,detailed_margin,25,48x48x32,80,26,0.002,0.0,3.0,"{""0"": 80, ""1"": 220, ""2"": 90, ""3"": 60, ""4"": 12}",462,64.608,"{""0"": 35828, ""1"": 34684, ""2"": 2886, ""3"": 286, ""4"": 44}",examples/13_mps/output/tuning_3d_dsbc/fluvsim/fluvsim_c08_s25_3d.png,examples/13_mps/output/tuning_3d_dsbc/fluvsim/fluvsim_c08_s25_slices.png,examples/13_mps/output/tuning_3d_dsbc/fluvsim/fluvsim_c08_s25_combined.png
2026-07-02T18:21:12,fluvsim,fluvsim_c09_s11,high_search_channel,11,48x48x32,96,26,0.002,0.0,3.0,"{""0"": 80, ""1"": 240, ""2"": 90, ""3"": 70, ""4"": 12}",492,74.003,"{""0"": 33407, ""1"": 36922, ""2"": 3096, ""3"": 261, ""4"": 42}",examples/13_mps/output/tuning_3d_dsbc/fluvsim/fluvsim_c09_s11_3d.png,examples/13_mps/output/tuning_3d_dsbc/fluvsim/fluvsim_c09_s11_slices.png,examples/13_mps/output/tuning_3d_dsbc/fluvsim/fluvsim_c09_s11_combined.png
2026-07-02T18:21:31,fluvsim,fluvsim_c09_s18,high_search_channel,18,48x48x32,96,26,0.002,0.0,3.0,"{""0"": 80, ""1"": 240, ""2"": 90, ""3"": 70, ""4"": 12}",492,73.46,"{""0"": 35988, ""1"": 34377, ""2"": 2935, ""3"": 380, ""4"": 48}",examples/13_mps/output/tuning_3d_dsbc/fluvsim/fluvsim_c09_s18_3d.png,examples/13_mps/output/tuning_3d_dsbc/fluvsim/fluvsim_c09_s18_slices.png,examples/13_mps/output/tuning_3d_dsbc/fluvsim/fluvsim_c09_s18_combined.png
2026-07-02T18:23:24,fluvsim,fluvsim_c09_s25,high_search_channel,25,48x48x32,96,26,0.002,0.0,3.0,"{""0"": 80, ""1"": 240, ""2"": 90, ""3"": 70, ""4"": 12}",492,73.196,"{""0"": 32761, ""1"": 37618, ""2"": 3023, ""3"": 280, ""4"": 46}",examples/13_mps/output/tuning_3d_dsbc/fluvsim/fluvsim_c09_s25_3d.png,examples/13_mps/output/tuning_3d_dsbc/fluvsim/fluvsim_c09_s25_slices.png,examples/13_mps/output/tuning_3d_dsbc/fluvsim/fluvsim_c09_s25_combined.png
2026-07-02T18:27:52,fluvsim,fluvsim_c10_s11,high_search_detailed,11,48x48x32,128,28,0.0025,0.0,3.5,"{""0"": 90, ""1"": 260, ""2"": 100, ""3"": 80, ""4"": 15}",545,318.602,"{""0"": 33405, ""1"": 36821, ""2"": 3067, ""3"": 383, ""4"": 52}",examples/13_mps/output/tuning_3d_dsbc/fluvsim/fluvsim_c10_s11_3d.png,examples/13_mps/output/tuning_3d_dsbc/fluvsim/fluvsim_c10_s11_slices.png,examples/13_mps/output/tuning_3d_dsbc/fluvsim/fluvsim_c10_s11_combined.png
2026-07-02T18:32:07,fluvsim,fluvsim_c10_s18,high_search_detailed,18,48x48x32,128,28,0.0025,0.0,3.5,"{""0"": 90, ""1"": 260, ""2"": 100, ""3"": 80, ""4"": 15}",545,457.223,"{""0"": 36312, ""1"": 33868, ""2"": 3163, ""3"": 336, ""4"": 49}",examples/13_mps/output/tuning_3d_dsbc/fluvsim/fluvsim_c10_s18_3d.png,examples/13_mps/output/tuning_3d_dsbc/fluvsim/fluvsim_c10_s18_slices.png,examples/13_mps/output/tuning_3d_dsbc/fluvsim/fluvsim_c10_s18_combined.png
2026-07-02T18:39:06,fluvsim,fluvsim_c10_s25,high_search_detailed,25,48x48x32,128,28,0.0025,0.0,3.5,"{""0"": 90, ""1"": 260, ""2"": 100, ""3"": 80, ""4"": 15}",545,561.572,"{""0"": 32135, ""1"": 38117, ""2"": 3107, ""3"": 325, ""4"": 44}",examples/13_mps/output/tuning_3d_dsbc/fluvsim/fluvsim_c10_s25_3d.png,examples/13_mps/output/tuning_3d_dsbc/fluvsim/fluvsim_c10_s25_slices.png,examples/13_mps/output/tuning_3d_dsbc/fluvsim/fluvsim_c10_s25_combined.png
2026-07-02T17:04:38,fold,fold_c01_s10,fold_c01,10,48x48x40,48,14,0.00075,0.0,1.0,{},0,70.304,"{""0"": 60555, ""1"": 31605}",examples/13_mps/output/tuning_3d_dsbc/fold/fold_c01_s10_3d.png,examples/13_mps/output/tuning_3d_dsbc/fold/fold_c01_s10_slices.png,examples/13_mps/output/tuning_3d_dsbc/fold/fold_c01_s10_combined.png
2026-07-02T17:04:36,fold,fold_c01_s17,fold_c01,17,48x48x40,48,14,0.00075,0.0,1.0,{},0,68.767,"{""0"": 61487, ""1"": 30673}",examples/13_mps/output/tuning_3d_dsbc/fold/fold_c01_s17_3d.png,examples/13_mps/output/tuning_3d_dsbc/fold/fold_c01_s17_slices.png,examples/13_mps/output/tuning_3d_dsbc/fold/fold_c01_s17_combined.png
2026-07-02T17:06:26,fold,fold_c01_s24,fold_c01,24,48x48x40,48,14,0.00075,0.0,1.0,{},0,72.829,"{""0"": 59546, ""1"": 32614}",examples/13_mps/output/tuning_3d_dsbc/fold/fold_c01_s24_3d.png,examples/13_mps/output/tuning_3d_dsbc/fold/fold_c01_s24_slices.png,examples/13_mps/output/tuning_3d_dsbc/fold/fold_c01_s24_combined.png
2026-07-02T17:07:18,fold,fold_c02_s10,fold_c02,10,48x48x40,64,14,0.001,0.0,1.0,{},0,123.077,"{""0"": 61250, ""1"": 30910}",examples/13_mps/output/tuning_3d_dsbc/fold/fold_c02_s10_3d.png,examples/13_mps/output/tuning_3d_dsbc/fold/fold_c02_s10_slices.png,examples/13_mps/output/tuning_3d_dsbc/fold/fold_c02_s10_combined.png
2026-07-02T17:09:11,fold,fold_c02_s17,fold_c02,17,48x48x40,64,14,0.001,0.0,1.0,{},0,127.113,"{""0"": 59733, ""1"": 32427}",examples/13_mps/output/tuning_3d_dsbc/fold/fold_c02_s17_3d.png,examples/13_mps/output/tuning_3d_dsbc/fold/fold_c02_s17_slices.png,examples/13_mps/output/tuning_3d_dsbc/fold/fold_c02_s17_combined.png
2026-07-02T17:10:04,fold,fold_c02_s24,fold_c02,24,48x48x40,64,14,0.001,0.0,1.0,{},0,126.583,"{""0"": 59375, ""1"": 32785}",examples/13_mps/output/tuning_3d_dsbc/fold/fold_c02_s24_3d.png,examples/13_mps/output/tuning_3d_dsbc/fold/fold_c02_s24_slices.png,examples/13_mps/output/tuning_3d_dsbc/fold/fold_c02_s24_combined.png
2026-07-02T17:12:25,fold,fold_c03_s10,fold_c03,10,48x48x40,80,18,0.001,0.0,1.0,{},0,158.955,"{""0"": 60711, ""1"": 31449}",examples/13_mps/output/tuning_3d_dsbc/fold/fold_c03_s10_3d.png,examples/13_mps/output/tuning_3d_dsbc/fold/fold_c03_s10_slices.png,examples/13_mps/output/tuning_3d_dsbc/fold/fold_c03_s10_combined.png
2026-07-02T17:13:14,fold,fold_c03_s17,fold_c03,17,48x48x40,80,18,0.001,0.0,1.0,{},0,153.332,"{""0"": 59953, ""1"": 32207}",examples/13_mps/output/tuning_3d_dsbc/fold/fold_c03_s17_3d.png,examples/13_mps/output/tuning_3d_dsbc/fold/fold_c03_s17_slices.png,examples/13_mps/output/tuning_3d_dsbc/fold/fold_c03_s17_combined.png
2026-07-02T17:15:35,fold,fold_c03_s24,fold_c03,24,48x48x40,80,18,0.001,0.0,1.0,{},0,150.28,"{""0"": 54426, ""1"": 37734}",examples/13_mps/output/tuning_3d_dsbc/fold/fold_c03_s24_3d.png,examples/13_mps/output/tuning_3d_dsbc/fold/fold_c03_s24_slices.png,examples/13_mps/output/tuning_3d_dsbc/fold/fold_c03_s24_combined.png
2026-07-02T17:16:48,fold,fold_c04_s10,fold_c04,10,48x48x40,96,18,0.001,0.0,1.0,{},0,176.112,"{""0"": 59332, ""1"": 32828}",examples/13_mps/output/tuning_3d_dsbc/fold/fold_c04_s10_3d.png,examples/13_mps/output/tuning_3d_dsbc/fold/fold_c04_s10_slices.png,examples/13_mps/output/tuning_3d_dsbc/fold/fold_c04_s10_combined.png
2026-07-02T17:19:13,fold,fold_c04_s17,fold_c04,17,48x48x40,96,18,0.001,0.0,1.0,{},0,180.01,"{""0"": 59343, ""1"": 32817}",examples/13_mps/output/tuning_3d_dsbc/fold/fold_c04_s17_3d.png,examples/13_mps/output/tuning_3d_dsbc/fold/fold_c04_s17_slices.png,examples/13_mps/output/tuning_3d_dsbc/fold/fold_c04_s17_combined.png
2026-07-02T17:20:27,fold,fold_c04_s24,fold_c04,24,48x48x40,96,18,0.001,0.0,1.0,{},0,181.0,"{""0"": 55579, ""1"": 36581}",examples/13_mps/output/tuning_3d_dsbc/fold/fold_c04_s24_3d.png,examples/13_mps/output/tuning_3d_dsbc/fold/fold_c04_s24_slices.png,examples/13_mps/output/tuning_3d_dsbc/fold/fold_c04_s24_combined.png
2026-07-02T17:22:36,fold,fold_c05_s10,fold_c05,10,48x48x40,64,22,0.0015,0.0,1.0,{},0,165.917,"{""0"": 57752, ""1"": 34408}",examples/13_mps/output/tuning_3d_dsbc/fold/fold_c05_s10_3d.png,examples/13_mps/output/tuning_3d_dsbc/fold/fold_c05_s10_slices.png,examples/13_mps/output/tuning_3d_dsbc/fold/fold_c05_s10_combined.png
2026-07-02T17:23:45,fold,fold_c05_s17,fold_c05,17,48x48x40,64,22,0.0015,0.0,1.0,{},0,160.977,"{""0"": 59551, ""1"": 32609}",examples/13_mps/output/tuning_3d_dsbc/fold/fold_c05_s17_3d.png,examples/13_mps/output/tuning_3d_dsbc/fold/fold_c05_s17_slices.png,examples/13_mps/output/tuning_3d_dsbc/fold/fold_c05_s17_combined.png
2026-07-02T17:25:58,fold,fold_c05_s24,fold_c05,24,48x48x40,64,22,0.0015,0.0,1.0,{},0,162.502,"{""0"": 59264, ""1"": 32896}",examples/13_mps/output/tuning_3d_dsbc/fold/fold_c05_s24_3d.png,examples/13_mps/output/tuning_3d_dsbc/fold/fold_c05_s24_slices.png,examples/13_mps/output/tuning_3d_dsbc/fold/fold_c05_s24_combined.png
2026-07-02T17:27:51,fold,fold_c06_s10,fold_c06,10,48x48x40,80,22,0.0015,0.0,1.0,{},0,205.618,"{""0"": 58992, ""1"": 33168}",examples/13_mps/output/tuning_3d_dsbc/fold/fold_c06_s10_3d.png,examples/13_mps/output/tuning_3d_dsbc/fold/fold_c06_s10_slices.png,examples/13_mps/output/tuning_3d_dsbc/fold/fold_c06_s10_combined.png
2026-07-02T17:30:00,fold,fold_c06_s17,fold_c06,17,48x48x40,80,22,0.0015,0.0,1.0,{},0,203.959,"{""0"": 59020, ""1"": 33140}",examples/13_mps/output/tuning_3d_dsbc/fold/fold_c06_s17_3d.png,examples/13_mps/output/tuning_3d_dsbc/fold/fold_c06_s17_slices.png,examples/13_mps/output/tuning_3d_dsbc/fold/fold_c06_s17_combined.png
2026-07-02T17:31:56,fold,fold_c06_s24,fold_c06,24,48x48x40,80,22,0.0015,0.0,1.0,{},0,205.489,"{""0"": 59091, ""1"": 33069}",examples/13_mps/output/tuning_3d_dsbc/fold/fold_c06_s24_3d.png,examples/13_mps/output/tuning_3d_dsbc/fold/fold_c06_s24_slices.png,examples/13_mps/output/tuning_3d_dsbc/fold/fold_c06_s24_combined.png
2026-07-02T17:34:42,fold,fold_c07_s10,fold_c07,10,48x48x40,96,22,0.0015,0.0,1.0,{},0,244.078,"{""0"": 59040, ""1"": 33120}",examples/13_mps/output/tuning_3d_dsbc/fold/fold_c07_s10_3d.png,examples/13_mps/output/tuning_3d_dsbc/fold/fold_c07_s10_slices.png,examples/13_mps/output/tuning_3d_dsbc/fold/fold_c07_s10_combined.png
2026-07-02T17:36:35,fold,fold_c07_s17,fold_c07,17,48x48x40,96,22,0.0015,0.0,1.0,{},0,239.829,"{""0"": 59282, ""1"": 32878}",examples/13_mps/output/tuning_3d_dsbc/fold/fold_c07_s17_3d.png,examples/13_mps/output/tuning_3d_dsbc/fold/fold_c07_s17_slices.png,examples/13_mps/output/tuning_3d_dsbc/fold/fold_c07_s17_combined.png
2026-07-02T17:39:31,fold,fold_c07_s24,fold_c07,24,48x48x40,96,22,0.0015,0.0,1.0,{},0,251.14,"{""0"": 59372, ""1"": 32788}",examples/13_mps/output/tuning_3d_dsbc/fold/fold_c07_s24_3d.png,examples/13_mps/output/tuning_3d_dsbc/fold/fold_c07_s24_slices.png,examples/13_mps/output/tuning_3d_dsbc/fold/fold_c07_s24_combined.png
2026-07-02T17:41:13,fold,fold_c08_s10,fold_c08,10,48x48x40,80,26,0.002,0.0,1.0,{},0,239.557,"{""0"": 60394, ""1"": 31766}",examples/13_mps/output/tuning_3d_dsbc/fold/fold_c08_s10_3d.png,examples/13_mps/output/tuning_3d_dsbc/fold/fold_c08_s10_slices.png,examples/13_mps/output/tuning_3d_dsbc/fold/fold_c08_s10_combined.png
2026-07-02T17:44:05,fold,fold_c08_s17,fold_c08,17,48x48x40,80,26,0.002,0.0,1.0,{},0,235.313,"{""0"": 59234, ""1"": 32926}",examples/13_mps/output/tuning_3d_dsbc/fold/fold_c08_s17_3d.png,examples/13_mps/output/tuning_3d_dsbc/fold/fold_c08_s17_slices.png,examples/13_mps/output/tuning_3d_dsbc/fold/fold_c08_s17_combined.png
2026-07-02T17:45:47,fold,fold_c08_s24,fold_c08,24,48x48x40,80,26,0.002,0.0,1.0,{},0,236.207,"{""0"": 61332, ""1"": 30828}",examples/13_mps/output/tuning_3d_dsbc/fold/fold_c08_s24_3d.png,examples/13_mps/output/tuning_3d_dsbc/fold/fold_c08_s24_slices.png,examples/13_mps/output/tuning_3d_dsbc/fold/fold_c08_s24_combined.png
2026-07-02T17:49:47,fold,fold_c09_s10,fold_c09,10,48x48x40,96,26,0.002,0.0,1.0,{},0,304.826,"{""0"": 61396, ""1"": 30764}",examples/13_mps/output/tuning_3d_dsbc/fold/fold_c09_s10_3d.png,examples/13_mps/output/tuning_3d_dsbc/fold/fold_c09_s10_slices.png,examples/13_mps/output/tuning_3d_dsbc/fold/fold_c09_s10_combined.png
2026-07-02T17:51:23,fold,fold_c09_s17,fold_c09,17,48x48x40,96,26,0.002,0.0,1.0,{},0,299.489,"{""0"": 56774, ""1"": 35386}",examples/13_mps/output/tuning_3d_dsbc/fold/fold_c09_s17_3d.png,examples/13_mps/output/tuning_3d_dsbc/fold/fold_c09_s17_slices.png,examples/13_mps/output/tuning_3d_dsbc/fold/fold_c09_s17_combined.png
2026-07-02T17:55:15,fold,fold_c09_s24,fold_c09,24,48x48x40,96,26,0.002,0.0,1.0,{},0,292.008,"{""0"": 63096, ""1"": 29064}",examples/13_mps/output/tuning_3d_dsbc/fold/fold_c09_s24_3d.png,examples/13_mps/output/tuning_3d_dsbc/fold/fold_c09_s24_slices.png,examples/13_mps/output/tuning_3d_dsbc/fold/fold_c09_s24_combined.png
2026-07-02T17:59:46,fold,fold_c10_s10,fold_c10,10,48x48x40,128,28,0.0025,0.0,1.0,{},0,466.669,"{""0"": 58671, ""1"": 33489}",examples/13_mps/output/tuning_3d_dsbc/fold/fold_c10_s10_3d.png,examples/13_mps/output/tuning_3d_dsbc/fold/fold_c10_s10_slices.png,examples/13_mps/output/tuning_3d_dsbc/fold/fold_c10_s10_combined.png
2026-07-02T18:03:47,fold,fold_c10_s17,fold_c10,17,48x48x40,128,28,0.0025,0.0,1.0,{},0,473.594,"{""0"": 54630, ""1"": 37530}",examples/13_mps/output/tuning_3d_dsbc/fold/fold_c10_s17_3d.png,examples/13_mps/output/tuning_3d_dsbc/fold/fold_c10_s17_slices.png,examples/13_mps/output/tuning_3d_dsbc/fold/fold_c10_s17_combined.png
2026-07-02T18:07:48,fold,fold_c10_s24,fold_c10,24,48x48x40,128,28,0.0025,0.0,1.0,{},0,447.103,"{""0"": 60376, ""1"": 31784}",examples/13_mps/output/tuning_3d_dsbc/fold/fold_c10_s24_3d.png,examples/13_mps/output/tuning_3d_dsbc/fold/fold_c10_s24_slices.png,examples/13_mps/output/tuning_3d_dsbc/fold/fold_c10_s24_combined.png
